"Category","File","Paper","Source","Path"
"benchmarks","AgentReview_2024.md","AgentReview: Exploring Peer Review Dynamics with LLM Agents","EMNLP 2024 Main Track (Oral), arXiv: 2406.12708","C:\Users\20683\Desktop\综述\Scientific Discovery by Agents\Notes\benchmarks\AgentReview_2024.md"
"benchmarks","AI_Idea_Bench_2025.md","AI Idea Bench 2025: AI Research Idea Generation Benchmark","arXiv:2504.14191","C:\Users\20683\Desktop\综述\Scientific Discovery by Agents\Notes\benchmarks\AI_Idea_Bench_2025.md"
"benchmarks","AutoSurvey_2024.md","AutoSurvey: Large Language Models Can Automatically Write Surveys","arXiv:2406.10252","C:\Users\20683\Desktop\综述\Scientific Discovery by Agents\Notes\benchmarks\AutoSurvey_2024.md"
"benchmarks","Benchmarking_SDL_2026.md","Benchmarking Self-Driving Labs","Digital Discovery, doi:10.1039/D5DD00337G","C:\Users\20683\Desktop\综述\Scientific Discovery by Agents\Notes\benchmarks\Benchmarking_SDL_2026.md"
"benchmarks","BrowseComp_2025.md","BrowseComp: A Simple Yet Challenging Benchmark for Browsing Agents","arXiv:2504.12516","C:\Users\20683\Desktop\综述\Scientific Discovery by Agents\Notes\benchmarks\BrowseComp_2025.md"
"benchmarks","ChemCost_2026.md","Can Agents Price a Reaction? Evaluating LLMs on Chemical Cost Reasoning","arXiv:2605.07251","C:\Users\20683\Desktop\综述\Scientific Discovery by Agents\Notes\benchmarks\ChemCost_2026.md"
"benchmarks","CORE_Bench_2024.md","CORE-Bench: Fostering the Credibility of Published Research Through a Computational Reproducibility Agent Benchmark","arXiv:2409.11363","C:\Users\20683\Desktop\综述\Scientific Discovery by Agents\Notes\benchmarks\CORE_Bench_2024.md"
"benchmarks","GAIA_2023.md","GAIA: A Benchmark for General AI Assistants","arXiv:2311.12983v1","C:\Users\20683\Desktop\综述\Scientific Discovery by Agents\Notes\benchmarks\GAIA_2023.md"
"benchmarks","HLE_2025.md","Humanity's Last Exam (HLE)","arXiv: 2501.14249v10; Nature, vol. 649, pp. 1139–1146 (2026); https://lastexam.ai / Scale Labs leaderboard","C:\Users\20683\Desktop\综述\Scientific Discovery by Agents\Notes\benchmarks\HLE_2025.md"
"benchmarks","IdeaBench_2024.md","IdeaBench: Benchmarking Large Language Models for Research Idea Generation","arXiv:2411.02429","C:\Users\20683\Desktop\综述\Scientific Discovery by Agents\Notes\benchmarks\IdeaBench_2024.md"
"benchmarks","LiveIdeaBench_2026.md","Evaluating LLMs' Divergent Thinking Capabilities for Scientific Idea Generation with Minimal Context","Nature Communications, doi:10.1038/s41467-026-70245-1; arXiv:2412.17596v4","C:\Users\20683\Desktop\综述\Scientific Discovery by Agents\Notes\benchmarks\LiveIdeaBench_2026.md"
"benchmarks","MLAgentBench_2024.md","MLAgentBench: Evaluating Language Agents on Machine Learning Experimentation","arXiv:2310.03302","C:\Users\20683\Desktop\综述\Scientific Discovery by Agents\Notes\benchmarks\MLAgentBench_2024.md"
"benchmarks","MLE_Bench_2024.md","MLE-bench: Evaluating Machine Learning Agents on Machine Learning Engineering","arXiv:2410.07095","C:\Users\20683\Desktop\综述\Scientific Discovery by Agents\Notes\benchmarks\MLE_Bench_2024.md"
"benchmarks","Paper2Code_2025.md","Paper2Code: Automating Code Generation from Scientific Papers in Machine Learning","arXiv:2504.17192 (ICLR 2026 accepted)","C:\Users\20683\Desktop\综述\Scientific Discovery by Agents\Notes\benchmarks\Paper2Code_2025.md"
"benchmarks","PaperBench_2025.md","PaperBench: Evaluating AI's Ability to Replicate AI Research","arXiv:2504.01848v3","C:\Users\20683\Desktop\综述\Scientific Discovery by Agents\Notes\benchmarks\PaperBench_2025.md"
"benchmarks","PeerRead_2018.md","A Dataset of Peer Reviews (PeerRead): Collection, Insights and NLP Applications","arXiv:1804.09635 (NAACL 2018)","C:\Users\20683\Desktop\综述\Scientific Discovery by Agents\Notes\benchmarks\PeerRead_2018.md"
"benchmarks","Reviewer2_2024.md","REVIEWER2: Optimizing Review Generation Through Prompt Generation","arXiv:2402.10886","C:\Users\20683\Desktop\综述\Scientific Discovery by Agents\Notes\benchmarks\Reviewer2_2024.md"
"benchmarks","ReviewerGPT_2023.md","ReviewerGPT? An Exploratory Study on Using Large Language Models for Paper Reviewing","arXiv:2306.00622","C:\Users\20683\Desktop\综述\Scientific Discovery by Agents\Notes\benchmarks\ReviewerGPT_2023.md"
"benchmarks","RE_Bench_2024.md","RE-Bench: Evaluating frontier AI R&D capabilities of language model agents against human experts","arXiv:2411.15114","C:\Users\20683\Desktop\综述\Scientific Discovery by Agents\Notes\benchmarks\RE_Bench_2024.md"
"benchmarks","RINoBench_2026.md","Is this Idea Novel? An Automated Benchmark for Judgment of Research Ideas","arXiv:2603.10303","C:\Users\20683\Desktop\综述\Scientific Discovery by Agents\Notes\benchmarks\RINoBench_2026.md"
"benchmarks","SciAgentGym_2026.md","SciAgentGym: Benchmarking Multi-Step Scientific Tool-use in LLM Agents","arXiv:2602.12984","C:\Users\20683\Desktop\综述\Scientific Discovery by Agents\Notes\benchmarks\SciAgentGym_2026.md"
"benchmarks","ScienceAgentBench_2025.md","ScienceAgentBench: Toward Rigorous Assessment of Language Agents for Data-Driven Scientific Discovery","arXiv:2410.05080","C:\Users\20683\Desktop\综述\Scientific Discovery by Agents\Notes\benchmarks\ScienceAgentBench_2025.md"
"benchmarks","SimpleQA_2024.md","Measuring short-form factuality in large language models (SimpleQA)","arXiv:2411.04368","C:\Users\20683\Desktop\综述\Scientific Discovery by Agents\Notes\benchmarks\SimpleQA_2024.md"
"benchmarks","Sparks_of_Science_2025.md","Sparks of Science: Hypothesis Generation Using Structured Paper Data","arXiv:2504.12976","C:\Users\20683\Desktop\综述\Scientific Discovery by Agents\Notes\benchmarks\Sparks_of_Science_2025.md"
"benchmarks","SUPER_2024.md","SUPER: Evaluating Agents on Setting Up and Executing Tasks from Research Repositories","arXiv:2409.07440 (EMNLP 2024)","C:\Users\20683\Desktop\综述\Scientific Discovery by Agents\Notes\benchmarks\SUPER_2024.md"
"infrastructure","GStack_2025.md","GStack: Virtual Engineering Team for Claude Code","https://github.com/garrytan/gstack (MIT License)","C:\Users\20683\Desktop\综述\Scientific Discovery by Agents\Notes\infrastructure\GStack_2025.md"
"infrastructure","Gemini_for_Science_2026.md","Gemini for Science: AI experiments and tools for a new era of discovery","Google Blog, published 2026-05-19","C:\Users\20683\Desktop\综述\Scientific Discovery by Agents\Notes\infrastructure\Gemini_for_Science_2026.md"
"infrastructure","Perplexity_Skills_Guide_2026.md","Designing, Refining, and Maintaining Agent Skills at Perplexity","https://research.perplexity.ai/articles/designing-refining-and-maintaining-agent-skills-at-perplexity","C:\Users\20683\Desktop\综述\Scientific Discovery by Agents\Notes\infrastructure\Perplexity_Skills_Guide_2026.md"
"memory","A_MEM_2025.md","A-MEM: Agentic Memory for LLM Agents","arXiv:2502.12110","C:\Users\20683\Desktop\综述\Scientific Discovery by Agents\Notes\memory\A_MEM_2025.md"
"memory","Collaborative_Memory_2025.md","Collaborative Memory: Multi-User Memory Sharing in LLM Agents with Dynamic Access Control","arXiv:2505.18279","C:\Users\20683\Desktop\综述\Scientific Discovery by Agents\Notes\memory\Collaborative_Memory_2025.md"
"memory","Generative_Agents_2023.md","Generative Agents: Interactive Simulacra of Human Behavior","arXiv:2304.03442 (UIST '23)","C:\Users\20683\Desktop\综述\Scientific Discovery by Agents\Notes\memory\Generative_Agents_2023.md"
"memory","Graph_Agent_Memory_2025.md","Graph-based Agent Memory: Taxonomy, Techniques, and Applications","arXiv:2602.05665","C:\Users\20683\Desktop\综述\Scientific Discovery by Agents\Notes\memory\Graph_Agent_Memory_2025.md"
"memory","Intrinsic_Memory_Agents_2025.md","Intrinsic Memory Agents: Heterogeneous Multi-Agent LLM Systems through Structured Contextual Memory","arXiv:2508.08997","C:\Users\20683\Desktop\综述\Scientific Discovery by Agents\Notes\memory\Intrinsic_Memory_Agents_2025.md"
"memory","MemGPT_2023.md","MemGPT: Towards LLMs as Operating Systems","arXiv:2310.08560","C:\Users\20683\Desktop\综述\Scientific Discovery by Agents\Notes\memory\MemGPT_2023.md"
"memory","Memory_Sandbox_2023.md","Memory Sandbox: Transparent and Interactive Memory Management for Conversational Agents","arXiv:2308.01542","C:\Users\20683\Desktop\综述\Scientific Discovery by Agents\Notes\memory\Memory_Sandbox_2023.md"
"memory","Memory_Warning_2026.md","Useful Memories Become Faulty When Continuously Updated by LLMs","arXiv:2605.12978","C:\Users\20683\Desktop\综述\Scientific Discovery by Agents\Notes\memory\Memory_Warning_2026.md"
"memory","Mesh_Memory_Protocol_2025.md","Mesh Memory Protocol: Semantic Infrastructure for Multi-Agent LLM Systems","arXiv:2604.19540","C:\Users\20683\Desktop\综述\Scientific Discovery by Agents\Notes\memory\Mesh_Memory_Protocol_2025.md"
"memory","MIRIX_2025.md","MIRIX: Multi-Agent Memory System for LLM-Based Agents","arXiv:2507.07957","C:\Users\20683\Desktop\综述\Scientific Discovery by Agents\Notes\memory\MIRIX_2025.md"
"skills-ecosystem","Agent_Skills_Spec_2026.md","Agent Skills Specification","https://agentskills.io/specification","C:\Users\20683\Desktop\综述\Scientific Discovery by Agents\Notes\skills-ecosystem\Agent_Skills_Spec_2026.md"
"skills-ecosystem","Anthropic_Skills_Spec_2025.md","Anthropic Agent Skills 仓库与规范","https://github.com/anthropics/skills (138k+ stars as of 2026-05-21)","C:\Users\20683\Desktop\综述\Scientific Discovery by Agents\Notes\skills-ecosystem\Anthropic_Skills_Spec_2025.md"
"skills-ecosystem","AWM_2024.md","Agent Workflow Memory (AWM)","arXiv:2409.07429","C:\Users\20683\Desktop\综述\Scientific Discovery by Agents\Notes\skills-ecosystem\AWM_2024.md"
"skills-ecosystem","Buffer_of_Thoughts_2024.md","Buffer of Thoughts: Thought-Augmented Reasoning with Large Language Models","NeurIPS 2024 Spotlight; arXiv:2406.04271","C:\Users\20683\Desktop\综述\Scientific Discovery by Agents\Notes\skills-ecosystem\Buffer_of_Thoughts_2024.md"
"skills-ecosystem","ExpeL_2024.md","ExpeL: LLM Agents Are Experiential Learners","AAAI 2024 (doi:10.1609/aaai.v38i17.29936), arXiv: 2308.10144","C:\Users\20683\Desktop\综述\Scientific Discovery by Agents\Notes\skills-ecosystem\ExpeL_2024.md"
"skills-ecosystem","Reflexion_2023.md","Reflexion: Language Agents with Verbal Reinforcement Learning","arXiv:2303.11366","C:\Users\20683\Desktop\综述\Scientific Discovery by Agents\Notes\skills-ecosystem\Reflexion_2023.md"
"skills-ecosystem","SkillsBench_2025.md","SkillsBench: Benchmarking How Well Agent Skills Work Across Diverse Tasks","arXiv: 2602.12670","C:\Users\20683\Desktop\综述\Scientific Discovery by Agents\Notes\skills-ecosystem\SkillsBench_2025.md"
"skills-ecosystem","Toolformer_2023.md","Toolformer: Language Models Can Teach Themselves to Use Tools","NeurIPS 2023; arXiv:2302.04761","C:\Users\20683\Desktop\综述\Scientific Discovery by Agents\Notes\skills-ecosystem\Toolformer_2023.md"
"skills-ecosystem","ToolLLM_2024.md","ToolLLM: Facilitating Large Language Models to Master 16000+ Real-World APIs","ICLR 2024; arXiv:2307.16789","C:\Users\20683\Desktop\综述\Scientific Discovery by Agents\Notes\skills-ecosystem\ToolLLM_2024.md"
"skills-ecosystem","Voyager_2023.md","Voyager: An Open-Ended Embodied Agent with Large Language Models","arXiv:2305.16291","C:\Users\20683\Desktop\综述\Scientific Discovery by Agents\Notes\skills-ecosystem\Voyager_2023.md"
"surveys","CUHK_Agent_Skills_Survey_2026.md","A Comprehensive Survey on Agent Skills: Taxonomy, Techniques, and Applications","arXiv:2605.07358 (8 May 2026)","C:\Users\20683\Desktop\综述\Scientific Discovery by Agents\Notes\surveys\CUHK_Agent_Skills_Survey_2026.md"
"surveys","Memory_Age_Survey_2025.md","Memory in the Age of AI Agents: A Survey — Forms, Functions and Dynamics","arXiv:2512.13564v2","C:\Users\20683\Desktop\综述\Scientific Discovery by Agents\Notes\surveys\Memory_Age_Survey_2025.md"
"surveys","Memory_Autonomous_Survey_2025.md","Memory for Autonomous LLM Agents: Mechanisms, Evaluation, and Emerging Frontiers","arXiv:2603.07670","C:\Users\20683\Desktop\综述\Scientific Discovery by Agents\Notes\surveys\Memory_Autonomous_Survey_2025.md"
"surveys","Osmani_Agent_Skills_2026.md","Addy Osmani's Agent Skills — 生产级工程技能库","https://github.com/addyosmani/agent-skills (44.2k+ stars as of 2026-05-21)","C:\Users\20683\Desktop\综述\Scientific Discovery by Agents\Notes\surveys\Osmani_Agent_Skills_2026.md"
"surveys","Self_Driving_Labs_ChemRev_2024.md","Self-Driving Laboratories for Chemistry and Materials Science","Chemical Reviews, doi:10.1021/acs.chemrev.4c00055","C:\Users\20683\Desktop\综述\Scientific Discovery by Agents\Notes\surveys\Self_Driving_Labs_ChemRev_2024.md"
"systems","Adaptive_AI_Decision_Interface_2025.md","Adaptive AI Decision Interface for Autonomous Electronic Material Discovery","Nature Chemical Engineering, doi:10.1038/s44286-025-00318-3","C:\Users\20683\Desktop\综述\Scientific Discovery by Agents\Notes\systems\Adaptive_AI_Decision_Interface_2025.md"
"systems","AFION_Plasmonic_SDL_2025.md","Self-Driving Lab for the Photochemical Synthesis of Plasmonic Nanoparticles with Targeted Structural and Optical Properties","Nature Communications, doi:10.1038/s41467-025-56788-9","C:\Users\20683\Desktop\综述\Scientific Discovery by Agents\Notes\systems\AFION_Plasmonic_SDL_2025.md"
"systems","Agent_Laboratory_2024.md","Agent Laboratory: Using LLM Agents as Research Assistants","arXiv:2501.04227","C:\Users\20683\Desktop\综述\Scientific Discovery by Agents\Notes\systems\Agent_Laboratory_2024.md"
"systems","AlphaProof_Nexus_2026.md","Advancing Mathematics Research with AI-Driven Formal Proof Search","arXiv:2605.22763v1; https://github.com/google-deepmind/alphaproof-nexus-results","C:\Users\20683\Desktop\综述\Scientific Discovery by Agents\Notes\systems\AlphaProof_Nexus_2026.md"
"systems","AI_Researcher_HKU_2025.md","AI-Researcher: Autonomous Scientific Innovation","https://github.com/HKUDS/AI-Researcher; arXiv: 2505.18705","C:\Users\20683\Desktop\综述\Scientific Discovery by Agents\Notes\systems\AI_Researcher_HKU_2025.md"
"systems","AI_Scientist_2024.md","The AI Scientist: Towards Fully Automated Open-Ended Scientific Discovery","arXiv:2408.06292","C:\Users\20683\Desktop\综述\Scientific Discovery by Agents\Notes\systems\AI_Scientist_2024.md"
"systems","AI_Scientist_Nature_2026.md","Towards end-to-end automation of AI research","Nature, Vol 651, 26 March 2026, doi:10.1038/s41586-026-10265-5","C:\Users\20683\Desktop\综述\Scientific Discovery by Agents\Notes\systems\AI_Scientist_Nature_2026.md"
"systems","ALab_2023.md","An autonomous laboratory for the accelerated synthesis of inorganic materials","Nature, doi:10.1038/s41586-023-06734-w; correction doi:10.1038/s41586-025-09992-y","C:\Users\20683\Desktop\综述\Scientific Discovery by Agents\Notes\systems\ALab_2023.md"
"systems","AlphaEvolve_2025.md","AlphaEvolve: A Coding Agent for Scientific and Algorithmic Discovery","arXiv:2506.13131","C:\Users\20683\Desktop\综述\Scientific Discovery by Agents\Notes\systems\AlphaEvolve_2025.md"
"systems","ARA_2026.md","The Last Human-Written Paper: Agent-Native Research Artifacts","arXiv:2604.24658v2","C:\Users\20683\Desktop\综述\Scientific Discovery by Agents\Notes\systems\ARA_2026.md"
"systems","BioMedAgent_2026.md","Empowering AI Data Scientists Using a Multi-Agent LLM Framework with Self-Evolving Capabilities for Autonomous, Tool-Aware Biomedical Data Analyses","Nature Biomedical Engineering, doi:10.1038/s41551-026-01634-6; PubMed:41912700; code:https://github.com/BOBQWERA/BioMedAgent","C:\Users\20683\Desktop\综述\Scientific Discovery by Agents\Notes\systems\BioMedAgent_2026.md"
"systems","Causal_Hypothesis_LLM_2025.md","Large Language Models for Causal Hypothesis Generation in Science","Machine Learning: Science and Technology, doi:10.1088/2632-2153/ada47f","C:\Users\20683\Desktop\综述\Scientific Discovery by Agents\Notes\systems\Causal_Hypothesis_LLM_2025.md"
"systems","CellVoyager_2026.md","CellVoyager: AI CompBio Agent Generates New Insights by Autonomously Analyzing Biological Data","Nature Methods, doi:10.1038/s41592-026-03029-6","C:\Users\20683\Desktop\综述\Scientific Discovery by Agents\Notes\systems\CellVoyager_2026.md"
"systems","Climate_Self_Evolving_Agent_2025.md","A Self-Evolving AI Agent System for Climate Science","arXiv:2507.17311","C:\Users\20683\Desktop\综述\Scientific Discovery by Agents\Notes\systems\Climate_Self_Evolving_Agent_2025.md"
"systems","Coscientist_2023.md","Autonomous chemical research with large language models","Nature, doi:10.1038/s41586-023-06792-0","C:\Users\20683\Desktop\综述\Scientific Discovery by Agents\Notes\systems\Coscientist_2023.md"
"systems","CoScientist_2026.md","Accelerating scientific discovery with Co-Scientist","Nature, doi:10.1038/s41586-026-10644-y; arXiv:2502.18864","C:\Users\20683\Desktop\综述\Scientific Discovery by Agents\Notes\systems\CoScientist_2026.md"
"systems","CRISPR_GPT_2026.md","CRISPR-GPT for agentic automation of gene-editing experiments","Nature Biomedical Engineering, doi:10.1038/s41551-025-01463-z; PMCID:PMC12920143","C:\Users\20683\Desktop\综述\Scientific Discovery by Agents\Notes\systems\CRISPR_GPT_2026.md"
"systems","DatawiseAgent_2025.md","DatawiseAgent: A Notebook-Centric LLM Agent Framework for Adaptive and Robust Data Science Automation","arXiv:2503.07044","C:\Users\20683\Desktop\综述\Scientific Discovery by Agents\Notes\systems\DatawiseAgent_2025.md"
"systems","ERA_2026.md","An AI system to help scientists write expert-level empirical software","Nature, doi:10.1038/s41586-026-10658-6; arXiv:2509.06503v3; Google Research publication page","C:\Users\20683\Desktop\综述\Scientific Discovery by Agents\Notes\systems\ERA_2026.md"
"systems","GeneAgent_2025.md","GeneAgent: Self-Verification Language Agent for Gene Set Knowledge Discovery Using Domain Databases","Nature Methods, doi:10.1038/s41592-025-02748-6; arXiv:2405.16205","C:\Users\20683\Desktop\综述\Scientific Discovery by Agents\Notes\systems\GeneAgent_2025.md"
"systems","GPT_Researcher_2024.md","GPT-Researcher","https://github.com/assafelovic/gpt-researcher","C:\Users\20683\Desktop\综述\Scientific Discovery by Agents\Notes\systems\GPT_Researcher_2024.md"
"systems","Jupiter_Notebook_Agent_2025.md","Jupiter: Enhancing LLM Data Analysis Capabilities via Notebook and Inference-Time Value-Guided Search","arXiv:2509.09245","C:\Users\20683\Desktop\综述\Scientific Discovery by Agents\Notes\systems\Jupiter_Notebook_Agent_2025.md"
"systems","Kosmos_2025.md","Kosmos: An AI Scientist for Autonomous Discovery","arXiv:2511.02824","C:\Users\20683\Desktop\综述\Scientific Discovery by Agents\Notes\systems\Kosmos_2025.md"
"systems","MC_NEST_2025.md","Iterative Hypothesis Generation for Scientific Discovery with Monte Carlo Nash Equilibrium Self-Refining Trees","arXiv:2503.19309","C:\Users\20683\Desktop\综述\Scientific Discovery by Agents\Notes\systems\MC_NEST_2025.md"
"systems","Medea_2026.md","Medea: An Omics AI Agent for Therapeutic Discovery","bioRxiv / PMC preprint, doi:10.64898/2026.01.16.696667","C:\Users\20683\Desktop\综述\Scientific Discovery by Agents\Notes\systems\Medea_2026.md"
"systems","MOSAIC_Chemical_Synthesis_2026.md","Collective Intelligence for AI-Assisted Chemical Synthesis","Nature, doi:10.1038/s41586-026-10131-4","C:\Users\20683\Desktop\综述\Scientific Discovery by Agents\Notes\systems\MOSAIC_Chemical_Synthesis_2026.md"
"systems","OpenAI_Unit_Distance_2026.md","Planar Point Sets with Many Unit Distances","OpenAI proof PDF; OpenAI remarks PDF; Nature News doi:10.1038/d41586-026-01651-0","C:\Users\20683\Desktop\综述\Scientific Discovery by Agents\Notes\systems\OpenAI_Unit_Distance_2026.md"
"systems","Rainbow_Perovskite_2025.md","Autonomous Multi-Robot Synthesis and Optimization of Metal Halide Perovskite Nanocrystals","Nature Communications, doi:10.1038/s41467-025-63209-4","C:\Users\20683\Desktop\综述\Scientific Discovery by Agents\Notes\systems\Rainbow_Perovskite_2025.md"
"systems","ResearchAgent_2025.md","ResearchAgent: Iterative Research Idea Generation over Scientific Literature with Large Language Models","arXiv:2404.07738v2","C:\Users\20683\Desktop\综述\Scientific Discovery by Agents\Notes\systems\ResearchAgent_2025.md"
"systems","Robin_2026.md","A multi-agent system for automating scientific discovery","Nature, doi:10.1038/s41586-026-10652-y; arXiv:2505.13400","C:\Users\20683\Desktop\综述\Scientific Discovery by Agents\Notes\systems\Robin_2026.md"
"systems","RoboChem_Flex_2026.md","A Flexible and Affordable Self-Driving Laboratory for Automated Reaction Optimization","Nature Synthesis, doi:10.1038/s44160-026-01053-0","C:\Users\20683\Desktop\综述\Scientific Discovery by Agents\Notes\systems\RoboChem_Flex_2026.md"
"systems","Robot_Scientist_2004.md","Functional Genomic Hypothesis Generation and Experimentation by a Robot Scientist","Nature, doi:10.1038/nature02236","C:\Users\20683\Desktop\综述\Scientific Discovery by Agents\Notes\systems\Robot_Scientist_2004.md"
"systems","SciNav_2026.md","SciNav: A General Agent Framework for Scientific Coding Tasks","arXiv:2603.20256","C:\Users\20683\Desktop\综述\Scientific Discovery by Agents\Notes\systems\SciNav_2026.md"
"systems","SciToolAgent_2025.md","SciToolAgent: A Knowledge Graph-Driven Scientific Agent for Multi-Tool Integration","Nature Computational Science, doi:10.1038/s43588-025-00849-y; arXiv:2507.20280","C:\Users\20683\Desktop\综述\Scientific Discovery by Agents\Notes\systems\SciToolAgent_2025.md"
"systems","SkillOS_2026.md","SkillOS: Learning Skill Curation for Self-Evolving Agents","arXiv:2605.06614v1","C:\Users\20683\Desktop\综述\Scientific Discovery by Agents\Notes\systems\SkillOS_2026.md"
"systems","SPARK_Cancer_Pathology_2026.md","An Agentic Framework for Autonomous Scientific Discovery in Cancer Pathology","Nature Medicine, doi:10.1038/s41591-026-04357-y","C:\Users\20683\Desktop\综述\Scientific Discovery by Agents\Notes\systems\SPARK_Cancer_Pathology_2026.md"
"systems","SSL_2026.md","From Skill Text to Skill Structure: The Scheduling-Structural-Logical Representation for Agent Skills","arXiv:2604.24026v4","C:\Users\20683\Desktop\综述\Scientific Discovery by Agents\Notes\systems\SSL_2026.md"
"systems","STELLA_2025.md","STELLA: Self-Evolving LLM Agent for Biomedical Research","arXiv:2507.02004","C:\Users\20683\Desktop\综述\Scientific Discovery by Agents\Notes\systems\STELLA_2025.md"
"systems","TianJi_2026.md","TianJi: An Autonomous AI Meteorologist for Discovering Physical Mechanisms in Atmospheric Science","arXiv:2603.27738","C:\Users\20683\Desktop\综述\Scientific Discovery by Agents\Notes\systems\TianJi_2026.md"
"systems","Virtual_Lab_2025.md","The Virtual Lab of AI agents designs new SARS-CoV-2 nanobodies","Nature, doi:10.1038/s41586-025-09442-9","C:\Users\20683\Desktop\综述\Scientific Discovery by Agents\Notes\systems\Virtual_Lab_2025.md"
"verification","AI_Responsible_Publishing_2026.md","Using AI Responsibly in Scientific Publishing","Nature Methods, doi:10.1038/s41592-026-03020-1","C:\Users\20683\Desktop\综述\Scientific Discovery by Agents\Notes\verification\AI_Responsible_Publishing_2026.md"
"verification","Hidden_Prompts_Peer_Review_2025.md","Hidden Prompts in Manuscripts Exploit AI-Assisted Peer Review","arXiv:2507.06185","C:\Users\20683\Desktop\综述\Scientific Discovery by Agents\Notes\verification\Hidden_Prompts_Peer_Review_2025.md"
"verification","LLM_Verifier_2025.md","LLM-as-a-Verifier: A General-Purpose Verification Framework","https://github.com/llm-as-a-verifier/llm-as-a-verifier","C:\Users\20683\Desktop\综述\Scientific Discovery by Agents\Notes\verification\LLM_Verifier_2025.md"
"verification","OpenScholar_2025.md","OpenScholar: Synthesizing Scientific Literature with Retrieval-augmented LMs","Nature (doi:10.1038/s41586-025-10072-4), arXiv: 2411.14199; https://openscilm.allen.ai/","C:\Users\20683\Desktop\综述\Scientific Discovery by Agents\Notes\verification\OpenScholar_2025.md"
"verification","Risks_AI_Scientists_2025.md","Risks of AI Scientists: Prioritizing Safeguarding Over Autonomy","Nature Communications, doi:10.1038/s41467-025-63913-1; arXiv:2402.04247v5","C:\Users\20683\Desktop\综述\Scientific Discovery by Agents\Notes\verification\Risks_AI_Scientists_2025.md"
"verification","SafeScientist_2025.md","SafeScientist: Toward Risk-Aware Scientific Discoveries by LLM Agents","arXiv:2505.23559","C:\Users\20683\Desktop\综述\Scientific Discovery by Agents\Notes\verification\SafeScientist_2025.md"
"verification","SciVer_2025.md","SCIVER: Evaluating Foundation Models for Multimodal Scientific Claim Verification","ACL 2025 Long Papers; https://aclanthology.org/2025.acl-long.420/","C:\Users\20683\Desktop\综述\Scientific Discovery by Agents\Notes\verification\SciVer_2025.md"
"verification","SPOT_A_2025.md","When AI Co-Scientists Fail: SPOT-a Benchmark for Automated Verification of Scientific Research","arXiv:2505.11855","C:\Users\20683\Desktop\综述\Scientific Discovery by Agents\Notes\verification\SPOT_A_2025.md"
"verification","Stanford_Human_Study_2024.md","Can LLMs Generate Novel Research Ideas? A Large-Scale Human Study with 100+ NLP Researchers","arXiv:2409.04109 (NeurIPS 2024)","C:\Users\20683\Desktop\综述\Scientific Discovery by Agents\Notes\verification\Stanford_Human_Study_2024.md"
"systems","Science_Earth_2026.md","Science Earth: Towards A Planet-Scale Operating System for AI-Native Scientific Discovery","arXiv:2606.01316v1","C:\Users\20683\Desktop\综述\Scientific Discovery by Agents\Notes\systems\Science_Earth_2026.md"
"systems","Mimosa_2026.md","Mimosa Framework: Toward Evolving Multi-Agent Systems for Scientific Research","arXiv:2603.28986","C:\Users\20683\Desktop\综述\Scientific Discovery by Agents\Notes\systems\Mimosa_2026.md"
"systems","OR_Agent_2026.md","OR-Agent: Bridging Evolutionary Search and Structured Research for Automated Algorithm Discovery","arXiv:2602.13769","C:\Users\20683\Desktop\综述\Scientific Discovery by Agents\Notes\systems\OR_Agent_2026.md"
"systems","SciDER_2026.md","SciDER: Scientific Data-centric End-to-end Researcher","arXiv:2603.01421","C:\Users\20683\Desktop\综述\Scientific Discovery by Agents\Notes\systems\SciDER_2026.md"
"systems","AScience_ASCollab_2025.md","Hypothesis Hunting with Evolving Networks of Autonomous Scientific Agents","arXiv:2510.08619","C:\Users\20683\Desktop\综述\Scientific Discovery by Agents\Notes\systems\AScience_ASCollab_2025.md"
"systems","OmniScientist_2025.md","OmniScientist: Toward a Co-evolving Ecosystem of Human and AI Scientists","arXiv:2511.16931","C:\Users\20683\Desktop\综述\Scientific Discovery by Agents\Notes\systems\OmniScientist_2025.md"
"systems","SAGA_2025.md","Accelerating Scientific Discovery with Autonomous Goal-evolving Agents","arXiv:2512.21782","C:\Users\20683\Desktop\综述\Scientific Discovery by Agents\Notes\systems\SAGA_2025.md"
"systems","PANGAEA_GPT_2026.md","A Hierarchical Multi-Agent System for Autonomous Discovery in Geoscientific Data Archives","arXiv:2602.21351","C:\Users\20683\Desktop\综述\Scientific Discovery by Agents\Notes\systems\PANGAEA_GPT_2026.md"
"systems","Code2Math_2026.md","Code2Math: Can Your Code Agent Effectively Evolve Math Problems Through Exploration?","arXiv:2603.03202","C:\Users\20683\Desktop\综述\Scientific Discovery by Agents\Notes\systems\Code2Math_2026.md"
"systems","PaperOrchestra_2026.md","PaperOrchestra: A Multi-Agent Framework for Automated AI Research Paper Writing","arXiv:2604.05018","C:\Users\20683\Desktop\综述\Scientific Discovery by Agents\Notes\systems\PaperOrchestra_2026.md"
"systems","AtomAgents_2025.md","AtomAgents: Alloy design and discovery through physics-aware multi-modal multi-agent artificial intelligence","PNAS 2025, doi:10.1073/pnas.2414074122; arXiv:2407.10022","C:\Users\20683\Desktop\综述\Scientific Discovery by Agents\Notes\systems\AtomAgents_2025.md"
"systems","Materealize_2026.md","Materealize: a multi-agent deliberation system for end-to-end material design and synthesis","arXiv:2601.15743; OpenReview AI4X 2026","C:\Users\20683\Desktop\综述\Scientific Discovery by Agents\Notes\systems\Materealize_2026.md"
"systems","TopoMAS_2025.md","TopoMAS: Large Language Model Driven Topological Materials Multiagent System","arXiv:2507.04053; doi:10.1002/mgea.70045","C:\Users\20683\Desktop\综述\Scientific Discovery by Agents\Notes\systems\TopoMAS_2025.md"
"systems","DREAMS_2025.md","DREAMS: Density Functional Theory Based Research Engine for Agentic Materials Simulation","arXiv:2507.14267","C:\Users\20683\Desktop\综述\Scientific Discovery by Agents\Notes\systems\DREAMS_2025.md"
"systems","ScienceClaw_Infinite_2026.md","Autonomous Agents Coordinating Distributed Discovery Through Emergent Artifact Exchange","arXiv:2603.14312","C:\Users\20683\Desktop\综述\Scientific Discovery by Agents\Notes\systems\ScienceClaw_Infinite_2026.md"
"systems","SCP_2025.md","SCP: Accelerating Discovery with a Global Web of Autonomous Scientific Agents","arXiv:2512.24189","C:\Users\20683\Desktop\综述\Scientific Discovery by Agents\Notes\systems\SCP_2025.md"
"systems","AgentRxiv_2025.md","AgentRxiv: Towards Collaborative Autonomous Research","arXiv:2503.18102","C:\Users\20683\Desktop\综述\Scientific Discovery by Agents\Notes\systems\AgentRxiv_2025.md"
"systems","Mozi_2026.md","Mozi: Governed Autonomy for Drug Discovery LLM Agents","arXiv:2603.03655","C:\Users\20683\Desktop\综述\Scientific Discovery by Agents\Notes\systems\Mozi_2026.md"
"systems","AGAPI_Agents_2025.md","AGAPI-Agents: An Open-Access Agentic AI Platform for Accelerated Materials Design on AtomGPT.org","arXiv:2512.11935","C:\Users\20683\Desktop\综述\Scientific Discovery by Agents\Notes\systems\AGAPI_Agents_2025.md"
"systems","MADD_2025.md","MADD: Multi-Agent Drug Discovery Orchestra","arXiv:2511.08217; ACL Findings EMNLP 2025","C:\Users\20683\Desktop\综述\Scientific Discovery by Agents\Notes\systems\MADD_2025.md"
"systems","AutoResearchClaw_2026.md","AutoResearchClaw: Self-Reinforcing Autonomous Research with Human-AI Collaboration","arXiv:2605.20025","C:\Users\20683\Desktop\综述\Scientific Discovery by Agents\Notes\systems\AutoResearchClaw_2026.md"
"systems","Claw_AI_Lab_2026.md","Claw AI Lab: An Autonomous Multi-Agent Research Team","arXiv:2605.22662","C:\Users\20683\Desktop\综述\Scientific Discovery by Agents\Notes\systems\Claw_AI_Lab_2026.md"
"systems","MM_Agent_2025.md","LLM as Agents for Real-world Mathematical Modeling Problem","NeurIPS 2025; arXiv:2505.14148","C:\Users\20683\Desktop\综述\Scientific Discovery by Agents\Notes\systems\MM_Agent_2025.md"
"systems","eNRRCrew_2025.md","Automating structure-activity analysis for electrochemical nitrogen reduction catalyst design through multi-agent collaborations","National Science Review, doi:10.1093/nsr/nwaf372","C:\Users\20683\Desktop\综述\Scientific Discovery by Agents\Notes\systems\eNRRCrew_2025.md"
"systems","DrugMCTS_2025.md","DrugMCTS: a drug repurposing framework combining multi-agent, RAG and Monte Carlo Tree Search","arXiv:2507.07426","C:\Users\20683\Desktop\综述\Scientific Discovery by Agents\Notes\systems\DrugMCTS_2025.md"
"systems","RD_Agent_2025.md","R&D-Agent: An LLM-Agent Framework Towards Autonomous Data Science","arXiv:2505.14738; https://github.com/microsoft/RD-Agent","C:\Users\20683\Desktop\综述\Scientific Discovery by Agents\Notes\systems\RD_Agent_2025.md"
"systems","GeoEvolve_2025.md","GeoEvolve: Automating Geospatial Model Discovery via Multi-Agent Large Language Models","arXiv:2509.21593","C:\Users\20683\Desktop\综述\Scientific Discovery by Agents\Notes\systems\GeoEvolve_2025.md"
"systems","El_Agente_Q_2025.md","El Agente: An Autonomous Agent for Quantum Chemistry","arXiv:2505.02484; Matter 2025","C:\Users\20683\Desktop\综述\Scientific Discovery by Agents\Notes\systems\El_Agente_Q_2025.md"
"systems","PhenoAssistant_2026.md","A conversational multi-agent AI system for automated plant phenotyping","Nature Communications, doi:10.1038/s41467-026-71090-y; arXiv:2504.19818","C:\Users\20683\Desktop\综述\Scientific Discovery by Agents\Notes\systems\PhenoAssistant_2026.md"
"systems","AccelMat_2025.md","Hypothesis Generation for Materials Discovery and Design Using Goal-Driven and Constraint-Guided LLM Agents","arXiv:2501.13299; NAACL Findings 2025","C:\Users\20683\Desktop\综述\Scientific Discovery by Agents\Notes\systems\AccelMat_2025.md"
"systems","BFS_Prover_V2_2025.md","Scaling up Multi-Turn Off-Policy RL and Multi-Agent Tree Search for LLM Step-Provers","arXiv:2509.06493","C:\Users\20683\Desktop\综述\Scientific Discovery by Agents\Notes\systems\BFS_Prover_V2_2025.md"
"systems","LeanMarathon_2026.md","LeanMarathon: Toward Reliable AI Co-Mathematicians through Long-Horizon Lean Autoformalization","arXiv:2606.05400","C:\Users\20683\Desktop\综述\Scientific Discovery by Agents\Notes\systems\LeanMarathon_2026.md"
"systems","Automatic_Textbook_Formalization_2026.md","Automatic Textbook Formalization","arXiv:2604.03071","C:\Users\20683\Desktop\综述\Scientific Discovery by Agents\Notes\systems\Automatic_Textbook_Formalization_2026.md"
"systems","MA_LoT_2025.md","MA-LoT: Multi-Agent Lean-based Long Chain-of-Thought Reasoning enhances Formal Theorem Proving","arXiv:2503.03205","C:\Users\20683\Desktop\综述\Scientific Discovery by Agents\Notes\systems\MA_LoT_2025.md"
